{"cameraMode":{"drawMode":0,"name":"Shaded","section":"Shading Mode"},"sceneLighting":true,"audioPlay":false,"sceneViewState":{"m_AlwaysRefresh":true,"showFog":true,"showSkybox":true,"showFlares":true,"showImageEffects":true,"showParticleSystems":true,"showVisualEffectGraphs":true,"m_FxEnabled":true},"in2DMode":false,"pivot":{"x":-46.710540771484378,"y":-57.320526123046878,"z":60.042205810546878},"rotation":{"x":-0.18393313884735108,"y":0.7908731698989868,"z":-0.2858388125896454,"w":-0.5089396238327026},"size":116.49398803710938,"orthographic":false}