{"cameraMode":{"drawMode":0,"name":"Shaded","section":"Shading Mode"},"sceneLighting":true,"audioPlay":false,"sceneViewState":{"m_AlwaysRefresh":true,"showFog":true,"showSkybox":true,"showFlares":true,"showImageEffects":true,"showParticleSystems":true,"showVisualEffectGraphs":true,"m_FxEnabled":true},"in2DMode":false,"pivot":{"x":0.4553276300430298,"y":0.12381428480148316,"z":-0.7383887767791748},"rotation":{"x":-0.1272466778755188,"y":0.8579146862030029,"z":-0.2555455267429352,"w":-0.42719143629074099},"size":1.540838360786438,"orthographic":false}